client_id,name,tax_id,email,phone,signup_date
85822412,Johnson LLC,251-29-2287,rhodespatricia@garza.com,833-589-0838,2023-07-15
79089901,Pacheco-Smith,826-21-6925,joshua35@davis.com,(794)507-8161x849,2023-10-22
9335534,Stanley LLC,082-30-1655,oramirez@martin-kelly.com,001-719-228-3276x483,2023-04-20
4308421,Morales-Jones,581-92-5156,dianafoster@ellis.net,+1-949-369-6532,2023-11-11
6323852,Hernandez and Sons,812-88-6917,cruzcaitlin@rice-maddox.com,+1-318-645-1462x70482,2023-12-14
85758349,"Lynch, Hernandez and Farmer",553-68-0010,tracy15@allen-allen.org,417-618-2278,2023-08-14
81415657,Brandt-Hickman,774-94-3296,raymond57@hayes.com,001-383-293-0103,2023-12-21
44349361,Palmer LLC,686-63-3511,jenniferkhan@kennedy.com,216-856-6701,2023-10-31
45540424,Wright and Sons,550-58-2297,dwhite@baxter.info,+1-910-980-1326,2023-04-15
53826716,Martin Inc,400-34-7455,rodney87@lee.com,001-480-250-0978,2023-08-07
10752378,Jones Inc,692-31-6616,davidashley@wheeler.org,001-485-643-5346,2023-07-18
42436584,Smith PLC,577-13-1201,williamanderson@ibarra-suarez.com,327-384-9808x4124,2023-11-06
74252420,Nelson PLC,216-92-5618,gracefarrell@freeman.com,+1-264-300-5242x7868,2023-02-20
92747083,Gardner LLC,597-71-2427,tanderson@nolan-flynn.com,(833)215-8692x322,2023-04-01
98860009,Patton-Jenkins,686-95-4066,erik16@garrison.com,754.833.0365x414,2023-10-12
71969657,Crosby-Wilson,268-23-9513,benjamin96@chandler-edwards.org,316.793.4060x88356,2023-09-21
42133044,"Charles, Cortez and Evans",317-86-6692,richard48@lee.biz,+1-729-994-6804x43699,2023-07-12
59345683,"Lewis, Kennedy and Santana",816-95-2781,campbellelizabeth@rogers.com,932.800.3791,2024-01-01
84525678,"Lee, Horton and Snyder",250-19-0091,osbornejeffery@holmes.com,927.488.9579x868,2023-11-06
63709724,Green-Wright,653-36-8541,rsims@jones-mitchell.com,958-812-2362x31665,2023-02-15
27760841,Price-Carrillo,713-03-9433,wwoods@molina-castaneda.biz,+1-289-837-3467,2023-06-01
89774697,"Yates, Ramsey and Pittman",131-80-8752,meadowsbrittany@johnson.info,(804)665-3755,2023-11-10
56581473,Conley-Ruiz,768-70-0854,jeffrey10@herring.com,+1-323-427-1937x452,2023-05-22
14508768,"Johnson, Collins and Byrd",385-51-3250,vargasmaria@garcia.org,790-258-6518,2023-12-17
56379329,Garcia-Yu,651-59-2507,hthompson@nelson.info,869.745.3147x379,2023-02-02
66344695,White-Lewis,817-34-5577,nicole48@black.com,367.683.7770,2023-04-18
54277800,"Sanchez, Beck and Wood",567-68-5633,jbarajas@bell-chavez.com,631-335-1823x374,2023-12-11
26054020,Perez-White,015-91-8752,joshuamccann@carter.info,209-647-7752,2023-12-22
64119726,Short Group,504-10-9454,hernandezlisa@miller-wright.net,001-269-399-3867x74964,2023-11-14
27888820,"Clark, Guerrero and Moore",178-71-1230,aaronhayes@harrison.com,001-671-434-9361x832,2023-02-18
8004482,Sparks PLC,767-73-4729,smartinez@lyons-bender.net,+1-677-219-0659,2023-02-26
30725714,"Huff, Johnston and Sampson",784-87-4416,hinesgregory@pearson.org,(871)275-6551x25674,2023-07-17
11819185,King-Wilson,792-52-8432,sandovalamy@brown-stone.org,001-577-403-4824x77109,2023-05-22
73932360,Tran Inc,231-15-7561,hollanderic@carter.info,737.682.6398x2146,2023-12-06
344303,Barber-Monroe,594-85-8023,seanwashington@arnold-daniels.info,233-496-3605x76627,2023-08-05
79212676,Kane-Sawyer,451-13-8618,jsmith@pitts-booker.com,345.596.1586x5780,2023-09-24
91858555,Bright-Francis,445-13-1647,tjackson@williams.com,(856)523-8692x221,2023-08-03
78270025,Hall Ltd,261-59-4184,nolansteven@byrd-moore.info,(894)764-7436x713,2023-09-02
39711319,"Phillips, Spence and Barrett",282-02-9273,lozanojulie@parsons-hall.com,239.742.1047,2023-11-02
17637794,Browning LLC,766-54-2878,davidryan@schmidt-mcintyre.com,374-851-7123x685,2023-01-27
35495029,"Martinez, Richardson and Curry",269-75-6243,daniel37@harvey.com,+1-331-374-6120x047,2023-04-23
72148284,Price LLC,687-96-8851,umatthews@mcclure.com,796.240.5377x3515,2023-06-25
37028180,Donaldson Group,094-85-3476,williamsmatthew@buchanan.com,001-683-493-3529x04228,2023-03-05
88725654,Anderson LLC,809-31-9648,alfred40@harmon.com,001-617-975-8917x8390,2023-09-28
4180968,Lutz Group,437-88-1769,cjoseph@lam.org,(612)949-9856,2023-08-06
81259008,Garcia-Miles,874-84-9034,russellbeasley@morgan-chavez.biz,001-815-365-4527x1111,2023-11-07
99159520,Cain-Hawkins,601-72-9203,elizabeth65@pugh.com,794-351-9832x7315,2023-11-14
37388792,"Perez, Patterson and Hoffman",786-80-9122,lynchdiane@adams.com,850-922-9612x01836,2023-06-03
21127115,Collins-Nguyen,582-77-1392,moorekaren@craig.info,+1-967-697-6438x15614,2023-02-08
29597483,Joyce-Brown,210-39-3461,kathrynroberts@smith.biz,(826)283-8851,2023-07-10
